{"cameraMode":{"drawMode":0,"name":"Shaded","section":"Shading Mode"},"sceneLighting":true,"audioPlay":false,"sceneViewState":{"showFog":true,"showMaterialUpdate":false,"showSkybox":true,"showFlares":true,"showImageEffects":true,"showParticleSystems":true},"in2DMode":false,"pivot":{"x":0.5631742477416992,"y":-89.9228744506836,"z":118.12970733642578},"rotation":{"x":-0.30577951669692995,"y":-0.017696546390652658,"z":0.00568498857319355,"w":-0.9519275426864624},"size":192.88424682617188,"orthographic":false}